<?xml version="1.0" encoding="UTF-8"?>
<librerias>
    <tematica>XML</tematica>
    <libreria>
        <libro>
            <ISBN>978-1932690453</ISBN>
            <titulo>XML in a Nutshell</titulo>
            <nivel>Intermedio</nivel>
            <editorial>O'Reilly Media</editorial>
            <fechaPublicacion>3 octubre 2004</fechaPublicacion>
            <precio>36,00€</precio>
            <autor>Elliotte Rusty Harold</autor>
        </libro>
        <libro>
            <ISBN>978-0596004200</ISBN>
            <titulo>Learning XML</titulo>
            <nivel>Básico</nivel>
            <editorial>O'Reilly Media</editorial>
            <fechaPublicacion>2 octubre 2003</fechaPublicacion>
            <precio>33,65€</precio>
            <autor>Erik T. Ray</autor>
        </libro>
    </libreria>
    <libreria>
        <libro>
            <ISBN>9788495318688</ISBN>
            <titulo>INICIACION A XML</titulo>
            <nivel>Básico</nivel>
            <editorial>INFOR BOOK S EDICIONES</editorial>
            <fechaPublicacion>20 septiembre 2001</fechaPublicacion>
            <precio>33,97€</precio>
            <autor>David E. Hunter</autor>
        </libro>
        <libro>
            <ISBN>9782746097360</ISBN>
            <titulo>XML PRÁCTICO (2ª ED.)</titulo>
            <nivel>Avanzado</nivel>
            <editorial>ENI</editorial>
            <fechaPublicacion>10 septiembre 2015</fechaPublicacion>
            <precio>29,90€</precio>
            <autor>Thierry Boulanger</autor>
        </libro>
    </libreria>
</librerias> 
